{
  "version": "7",
  "dialect": "postgresql",
  "entries": [
    {
      "idx": 0,
      "version": "7",
      "when": 1768572161391,
      "tag": "0000_gifted_blink",
      "breakpoints": true
    },
    {
      "idx": 1,
      "version": "7",
      "when": 1768667737481,
      "tag": "0001_heavy_sinister_six",
      "breakpoints": true
    },
    {
      "idx": 2,
      "version": "7",
      "when": 1768732062014,
      "tag": "0002_premium_zarek",
      "breakpoints": true
    },
    {
      "idx": 3,
      "version": "7",
      "when": 1738597200000,
      "tag": "0003_warehouse_barcode",
      "breakpoints": true
    }
  ]
}